<?xml version="1.0" encoding="UTF-8" standalone="no"?>
<index version="1.7.17.v20140508-2136">
    <entry createBy="dependency" isSeed="true" qualifiedName="Message" stemName="de_Message" text="Message"/>
    <entry createBy="inheritance" isSeed="true" qualifiedName="Message" stemName="in_Message" text="Message"/>
    <entry createBy="composition" isSeed="true" qualifiedName="Missile" stemName="co_Missile" text="Missile"/>
    <entry createBy="dependency" isSeed="true" qualifiedName="Missile" stemName="de_Missile" text="Missile"/>
    <entry createBy="composition" isSeed="true" qualifiedName="MissileMessage" stemName="co_MissileMessage" text="MissileMessage"/>
    <entry createBy="composition" isSeed="true" qualifiedName="NetGameClient" stemName="co_NetGameClient" text="NetGameClient"/>
    <entry createBy="dependency" isSeed="true" qualifiedName="NetGameClient" stemName="de_NetGameClient" text="NetGameClient"/>
    <entry createBy="composition" isSeed="true" qualifiedName="Tank" stemName="co_Tank" text="Tank"/>
    <entry createBy="dependency" isSeed="true" qualifiedName="Tank" stemName="de_Tank" text="Tank"/>
    <entry createBy="composition" isSeed="true" qualifiedName="TankClient" stemName="co_TankClient" text="TankClient"/>
    <entry createBy="dependency" isSeed="true" qualifiedName="TankClient" stemName="de_TankClient" text="TankClient"/>
    <entry createBy="composition" isSeed="true" qualifiedName="TankMoveMessage" stemName="co_TankMoveMessage" text="TankMoveMessage"/>
    <entry createBy="composition" isSeed="true" qualifiedName="TankNewMessage" stemName="co_TankNewMessage" text="TankNewMessage"/>
    <entry createBy="composition" isSeed="true" qualifiedName="TankWarBackupServer" stemName="co_TankWarBackupServer" text="TankWarBackupServer"/>
    <entry createBy="composition" isSeed="true" qualifiedName="TankWarMainServer" stemName="co_TankWarMainServer" text="TankWarMainServer"/>
    <entry createBy="dependency" isSeed="true" qualifiedName="Tile" stemName="de_Tile" text="Tile"/>
    <entry createBy="dependency" isSeed="false" qualifiedName="BloodMessage" stemName="de_Message" text="BloodMessage"/>
    <entry createBy="dependency" isSeed="false" qualifiedName="BloodMessage" stemName="de_Missile" text="BloodMessage"/>
    <entry createBy="dependency" isSeed="false" qualifiedName="BloodMessage" stemName="de_NetGameClient" text="BloodMessage"/>
    <entry createBy="dependency" isSeed="false" qualifiedName="BloodMessage" stemName="de_Tank" text="BloodMessage"/>
    <entry createBy="dependency" isSeed="false" qualifiedName="BloodMessage" stemName="de_TankClient" text="BloodMessage"/>
    <entry createBy="inheritance" isSeed="false" qualifiedName="BloodMessage" stemName="in_Message" text="BloodMessage"/>
    <entry createBy="package" isSeed="false" qualifiedName="BloodMessage" stemName="pa_" text="BloodMessage"/>
    <entry createBy="composition" isSeed="false" qualifiedName="BloodRecovery" stemName="co_TankClient" text="BloodRecovery"/>
    <entry createBy="dependency" isSeed="false" qualifiedName="BloodRecovery" stemName="de_Tank" text="BloodRecovery"/>
    <entry createBy="dependency" isSeed="false" qualifiedName="BloodRecovery" stemName="de_TankClient" text="BloodRecovery"/>
    <entry createBy="package" isSeed="false" qualifiedName="BloodRecovery" stemName="pa_" text="BloodRecovery"/>
    <entry createBy="dependency" isSeed="false" qualifiedName="BloodRecoveryMessage" stemName="de_Message" text="BloodRecoveryMessage"/>
    <entry createBy="dependency" isSeed="false" qualifiedName="BloodRecoveryMessage" stemName="de_Tank" text="BloodRecoveryMessage"/>
    <entry createBy="dependency" isSeed="false" qualifiedName="BloodRecoveryMessage" stemName="de_TankClient" text="BloodRecoveryMessage"/>
    <entry createBy="inheritance" isSeed="false" qualifiedName="BloodRecoveryMessage" stemName="in_Message" text="BloodRecoveryMessage"/>
    <entry createBy="package" isSeed="false" qualifiedName="BloodRecoveryMessage" stemName="pa_" text="BloodRecoveryMessage"/>
    <entry createBy="composition" isSeed="false" qualifiedName="org.lightcouch.CouchDbClient" stemName="co_NetGameClient" text="CouchDbClient"/>
    <entry createBy="composition" isSeed="false" qualifiedName="org.lightcouch.CouchDbClient" stemName="co_TankClient" text="CouchDbClient"/>
    <entry createBy="composition" isSeed="false" qualifiedName="org.lightcouch.CouchDbClient" stemName="co_TankWarBackupServer" text="CouchDbClient"/>
    <entry createBy="composition" isSeed="false" qualifiedName="org.lightcouch.CouchDbClient" stemName="co_TankWarMainServer" text="CouchDbClient"/>
    <entry createBy="dependency" isSeed="false" qualifiedName="org.lightcouch.CouchDbClient" stemName="de_NetGameClient" text="CouchDbClient"/>
    <entry createBy="composition" isSeed="false" qualifiedName="Direction" stemName="co_Missile" text="Direction"/>
    <entry createBy="composition" isSeed="false" qualifiedName="Direction" stemName="co_Tank" text="Direction"/>
    <entry createBy="composition" isSeed="false" qualifiedName="Direction" stemName="co_TankMoveMessage" text="Direction"/>
    <entry createBy="dependency" isSeed="false" qualifiedName="Direction" stemName="de_Missile" text="Direction"/>
    <entry createBy="dependency" isSeed="false" qualifiedName="Direction" stemName="de_Tank" text="Direction"/>
    <entry createBy="package" isSeed="false" qualifiedName="Direction" stemName="pa_" text="Direction"/>
    <entry createBy="composition" isSeed="false" qualifiedName="Explosion" stemName="co_TankClient" text="Explosion"/>
    <entry createBy="dependency" isSeed="false" qualifiedName="Explosion" stemName="de_Missile" text="Explosion"/>
    <entry createBy="dependency" isSeed="false" qualifiedName="Explosion" stemName="de_TankClient" text="Explosion"/>
    <entry createBy="dependency" isSeed="false" qualifiedName="Explosion" stemName="de_Tile" text="Explosion"/>
    <entry createBy="package" isSeed="false" qualifiedName="Explosion" stemName="pa_" text="Explosion"/>
    <entry createBy="dependency" isSeed="false" qualifiedName="com.google.gson.JsonObject" stemName="de_NetGameClient" text="JsonObject"/>
    <entry createBy="dependency" isSeed="false" qualifiedName="Message" stemName="de_NetGameClient" text="Message"/>
    <entry createBy="package" isSeed="false" qualifiedName="Message" stemName="pa_" text="Message"/>
    <entry createBy="composition" isSeed="false" qualifiedName="Missile" stemName="co_MissileMessage" text="Missile"/>
    <entry createBy="composition" isSeed="false" qualifiedName="Missile" stemName="co_TankClient" text="Missile"/>
    <entry createBy="dependency" isSeed="false" qualifiedName="Missile" stemName="de_Tank" text="Missile"/>
    <entry createBy="dependency" isSeed="false" qualifiedName="Missile" stemName="de_TankClient" text="Missile"/>
    <entry createBy="dependency" isSeed="false" qualifiedName="Missile" stemName="de_Tile" text="Missile"/>
    <entry createBy="package" isSeed="false" qualifiedName="Missile" stemName="pa_" text="Missile"/>
    <entry createBy="dependency" isSeed="false" qualifiedName="MissileDeadMessage" stemName="de_Message" text="MissileDeadMessage"/>
    <entry createBy="dependency" isSeed="false" qualifiedName="MissileDeadMessage" stemName="de_Missile" text="MissileDeadMessage"/>
    <entry createBy="dependency" isSeed="false" qualifiedName="MissileDeadMessage" stemName="de_NetGameClient" text="MissileDeadMessage"/>
    <entry createBy="dependency" isSeed="false" qualifiedName="MissileDeadMessage" stemName="de_TankClient" text="MissileDeadMessage"/>
    <entry createBy="dependency" isSeed="false" qualifiedName="MissileDeadMessage" stemName="de_Tile" text="MissileDeadMessage"/>
    <entry createBy="inheritance" isSeed="false" qualifiedName="MissileDeadMessage" stemName="in_Message" text="MissileDeadMessage"/>
    <entry createBy="package" isSeed="false" qualifiedName="MissileDeadMessage" stemName="pa_" text="MissileDeadMessage"/>
    <entry createBy="dependency" isSeed="false" qualifiedName="MissileMessage" stemName="de_Message" text="MissileMessage"/>
    <entry createBy="dependency" isSeed="false" qualifiedName="MissileMessage" stemName="de_Missile" text="MissileMessage"/>
    <entry createBy="dependency" isSeed="false" qualifiedName="MissileMessage" stemName="de_NetGameClient" text="MissileMessage"/>
    <entry createBy="dependency" isSeed="false" qualifiedName="MissileMessage" stemName="de_Tank" text="MissileMessage"/>
    <entry createBy="dependency" isSeed="false" qualifiedName="MissileMessage" stemName="de_TankClient" text="MissileMessage"/>
    <entry createBy="inheritance" isSeed="false" qualifiedName="MissileMessage" stemName="in_Message" text="MissileMessage"/>
    <entry createBy="package" isSeed="false" qualifiedName="MissileMessage" stemName="pa_" text="MissileMessage"/>
    <entry createBy="dependency" isSeed="false" qualifiedName="MissileRecovery2Message" stemName="de_Message" text="MissileRecovery2Message"/>
    <entry createBy="dependency" isSeed="false" qualifiedName="MissileRecovery2Message" stemName="de_NetGameClient" text="MissileRecovery2Message"/>
    <entry createBy="dependency" isSeed="false" qualifiedName="MissileRecovery2Message" stemName="de_Tank" text="MissileRecovery2Message"/>
    <entry createBy="dependency" isSeed="false" qualifiedName="MissileRecovery2Message" stemName="de_TankClient" text="MissileRecovery2Message"/>
    <entry createBy="inheritance" isSeed="false" qualifiedName="MissileRecovery2Message" stemName="in_Message" text="MissileRecovery2Message"/>
    <entry createBy="package" isSeed="false" qualifiedName="MissileRecovery2Message" stemName="pa_" text="MissileRecovery2Message"/>
    <entry createBy="dependency" isSeed="false" qualifiedName="MissileRecoveryMessage" stemName="de_Message" text="MissileRecoveryMessage"/>
    <entry createBy="dependency" isSeed="false" qualifiedName="MissileRecoveryMessage" stemName="de_Tank" text="MissileRecoveryMessage"/>
    <entry createBy="dependency" isSeed="false" qualifiedName="MissileRecoveryMessage" stemName="de_TankClient" text="MissileRecoveryMessage"/>
    <entry createBy="inheritance" isSeed="false" qualifiedName="MissileRecoveryMessage" stemName="in_Message" text="MissileRecoveryMessage"/>
    <entry createBy="package" isSeed="false" qualifiedName="MissileRecoveryMessage" stemName="pa_" text="MissileRecoveryMessage"/>
    <entry createBy="composition" isSeed="false" qualifiedName="NetGameClient" stemName="co_TankClient" text="NetGameClient"/>
    <entry createBy="dependency" isSeed="false" qualifiedName="NetGameClient" stemName="de_Message" text="NetGameClient"/>
    <entry createBy="dependency" isSeed="false" qualifiedName="NetGameClient" stemName="de_TankClient" text="NetGameClient"/>
    <entry createBy="package" isSeed="false" qualifiedName="NetGameClient" stemName="pa_" text="NetGameClient"/>
    <entry createBy="composition" isSeed="false" qualifiedName="ScoreAdding" stemName="co_TankClient" text="ScoreAdding"/>
    <entry createBy="dependency" isSeed="false" qualifiedName="ScoreAdding" stemName="de_Tank" text="ScoreAdding"/>
    <entry createBy="dependency" isSeed="false" qualifiedName="ScoreAdding" stemName="de_TankClient" text="ScoreAdding"/>
    <entry createBy="package" isSeed="false" qualifiedName="ScoreAdding" stemName="pa_" text="ScoreAdding"/>
    <entry createBy="dependency" isSeed="false" qualifiedName="ScoringAddingMessage" stemName="de_Message" text="ScoringAddingMessage"/>
    <entry createBy="dependency" isSeed="false" qualifiedName="ScoringAddingMessage" stemName="de_NetGameClient" text="ScoringAddingMessage"/>
    <entry createBy="dependency" isSeed="false" qualifiedName="ScoringAddingMessage" stemName="de_Tank" text="ScoringAddingMessage"/>
    <entry createBy="dependency" isSeed="false" qualifiedName="ScoringAddingMessage" stemName="de_TankClient" text="ScoringAddingMessage"/>
    <entry createBy="inheritance" isSeed="false" qualifiedName="ScoringAddingMessage" stemName="in_Message" text="ScoringAddingMessage"/>
    <entry createBy="package" isSeed="false" qualifiedName="ScoringAddingMessage" stemName="pa_" text="ScoringAddingMessage"/>
    <entry createBy="composition" isSeed="false" qualifiedName="SpeedUp" stemName="co_TankClient" text="SpeedUp"/>
    <entry createBy="dependency" isSeed="false" qualifiedName="SpeedUp" stemName="de_Tank" text="SpeedUp"/>
    <entry createBy="dependency" isSeed="false" qualifiedName="SpeedUp" stemName="de_TankClient" text="SpeedUp"/>
    <entry createBy="package" isSeed="false" qualifiedName="SpeedUp" stemName="pa_" text="SpeedUp"/>
    <entry createBy="dependency" isSeed="false" qualifiedName="SpeedUpMessage" stemName="de_Message" text="SpeedUpMessage"/>
    <entry createBy="dependency" isSeed="false" qualifiedName="SpeedUpMessage" stemName="de_NetGameClient" text="SpeedUpMessage"/>
    <entry createBy="dependency" isSeed="false" qualifiedName="SpeedUpMessage" stemName="de_Tank" text="SpeedUpMessage"/>
    <entry createBy="dependency" isSeed="false" qualifiedName="SpeedUpMessage" stemName="de_TankClient" text="SpeedUpMessage"/>
    <entry createBy="inheritance" isSeed="false" qualifiedName="SpeedUpMessage" stemName="in_Message" text="SpeedUpMessage"/>
    <entry createBy="package" isSeed="false" qualifiedName="SpeedUpMessage" stemName="pa_" text="SpeedUpMessage"/>
    <entry createBy="dependency" isSeed="false" qualifiedName="TILE_DEAD_MESSAGE" stemName="de_Message" text="TILE_DEAD_MESSAGE"/>
    <entry createBy="dependency" isSeed="false" qualifiedName="TILE_DEAD_MESSAGE" stemName="de_NetGameClient" text="TILE_DEAD_MESSAGE"/>
    <entry createBy="dependency" isSeed="false" qualifiedName="TILE_DEAD_MESSAGE" stemName="de_TankClient" text="TILE_DEAD_MESSAGE"/>
    <entry createBy="dependency" isSeed="false" qualifiedName="TILE_DEAD_MESSAGE" stemName="de_Tile" text="TILE_DEAD_MESSAGE"/>
    <entry createBy="inheritance" isSeed="false" qualifiedName="TILE_DEAD_MESSAGE" stemName="in_Message" text="TILE_DEAD_MESSAGE"/>
    <entry createBy="package" isSeed="false" qualifiedName="TILE_DEAD_MESSAGE" stemName="pa_" text="TILE_DEAD_MESSAGE"/>
    <entry createBy="composition" isSeed="false" qualifiedName="Tank" stemName="co_TankClient" text="Tank"/>
    <entry createBy="composition" isSeed="false" qualifiedName="Tank" stemName="co_TankNewMessage" text="Tank"/>
    <entry createBy="dependency" isSeed="false" qualifiedName="Tank" stemName="de_Missile" text="Tank"/>
    <entry createBy="dependency" isSeed="false" qualifiedName="Tank" stemName="de_TankClient" text="Tank"/>
    <entry createBy="dependency" isSeed="false" qualifiedName="Tank" stemName="de_Tile" text="Tank"/>
    <entry createBy="package" isSeed="false" qualifiedName="Tank" stemName="pa_" text="Tank"/>
    <entry createBy="composition" isSeed="false" qualifiedName="TankClient" stemName="co_Missile" text="TankClient"/>
    <entry createBy="composition" isSeed="false" qualifiedName="TankClient" stemName="co_MissileMessage" text="TankClient"/>
    <entry createBy="composition" isSeed="false" qualifiedName="TankClient" stemName="co_NetGameClient" text="TankClient"/>
    <entry createBy="composition" isSeed="false" qualifiedName="TankClient" stemName="co_Tank" text="TankClient"/>
    <entry createBy="composition" isSeed="false" qualifiedName="TankClient" stemName="co_TankMoveMessage" text="TankClient"/>
    <entry createBy="composition" isSeed="false" qualifiedName="TankClient" stemName="co_TankNewMessage" text="TankClient"/>
    <entry createBy="dependency" isSeed="false" qualifiedName="TankClient" stemName="de_Missile" text="TankClient"/>
    <entry createBy="dependency" isSeed="false" qualifiedName="TankClient" stemName="de_NetGameClient" text="TankClient"/>
    <entry createBy="dependency" isSeed="false" qualifiedName="TankClient" stemName="de_Tank" text="TankClient"/>
    <entry createBy="dependency" isSeed="false" qualifiedName="TankClient" stemName="de_Tile" text="TankClient"/>
    <entry createBy="package" isSeed="false" qualifiedName="TankClient" stemName="pa_" text="TankClient"/>
    <entry createBy="dependency" isSeed="false" qualifiedName="TankDeadMessage" stemName="de_Message" text="TankDeadMessage"/>
    <entry createBy="dependency" isSeed="false" qualifiedName="TankDeadMessage" stemName="de_NetGameClient" text="TankDeadMessage"/>
    <entry createBy="dependency" isSeed="false" qualifiedName="TankDeadMessage" stemName="de_Tank" text="TankDeadMessage"/>
    <entry createBy="dependency" isSeed="false" qualifiedName="TankDeadMessage" stemName="de_TankClient" text="TankDeadMessage"/>
    <entry createBy="inheritance" isSeed="false" qualifiedName="TankDeadMessage" stemName="in_Message" text="TankDeadMessage"/>
    <entry createBy="package" isSeed="false" qualifiedName="TankDeadMessage" stemName="pa_" text="TankDeadMessage"/>
    <entry createBy="dependency" isSeed="false" qualifiedName="TankMoveMessage" stemName="de_Message" text="TankMoveMessage"/>
    <entry createBy="dependency" isSeed="false" qualifiedName="TankMoveMessage" stemName="de_NetGameClient" text="TankMoveMessage"/>
    <entry createBy="dependency" isSeed="false" qualifiedName="TankMoveMessage" stemName="de_Tank" text="TankMoveMessage"/>
    <entry createBy="dependency" isSeed="false" qualifiedName="TankMoveMessage" stemName="de_TankClient" text="TankMoveMessage"/>
    <entry createBy="inheritance" isSeed="false" qualifiedName="TankMoveMessage" stemName="in_Message" text="TankMoveMessage"/>
    <entry createBy="package" isSeed="false" qualifiedName="TankMoveMessage" stemName="pa_" text="TankMoveMessage"/>
    <entry createBy="dependency" isSeed="false" qualifiedName="TankNewMessage" stemName="de_Message" text="TankNewMessage"/>
    <entry createBy="dependency" isSeed="false" qualifiedName="TankNewMessage" stemName="de_Tank" text="TankNewMessage"/>
    <entry createBy="dependency" isSeed="false" qualifiedName="TankNewMessage" stemName="de_TankClient" text="TankNewMessage"/>
    <entry createBy="inheritance" isSeed="false" qualifiedName="TankNewMessage" stemName="in_Message" text="TankNewMessage"/>
    <entry createBy="package" isSeed="false" qualifiedName="TankNewMessage" stemName="pa_" text="TankNewMessage"/>
    <entry createBy="dependency" isSeed="false" qualifiedName="TankScoreMessage" stemName="de_Message" text="TankScoreMessage"/>
    <entry createBy="dependency" isSeed="false" qualifiedName="TankScoreMessage" stemName="de_Missile" text="TankScoreMessage"/>
    <entry createBy="dependency" isSeed="false" qualifiedName="TankScoreMessage" stemName="de_NetGameClient" text="TankScoreMessage"/>
    <entry createBy="dependency" isSeed="false" qualifiedName="TankScoreMessage" stemName="de_Tank" text="TankScoreMessage"/>
    <entry createBy="dependency" isSeed="false" qualifiedName="TankScoreMessage" stemName="de_TankClient" text="TankScoreMessage"/>
    <entry createBy="inheritance" isSeed="false" qualifiedName="TankScoreMessage" stemName="in_Message" text="TankScoreMessage"/>
    <entry createBy="package" isSeed="false" qualifiedName="TankScoreMessage" stemName="pa_" text="TankScoreMessage"/>
    <entry createBy="composition" isSeed="false" qualifiedName="TankWarBackupServer" stemName="co_TankWarMainServer" text="TankWarBackupServer"/>
    <entry createBy="package" isSeed="false" qualifiedName="TankWarBackupServer" stemName="pa_" text="TankWarBackupServer"/>
    <entry createBy="composition" isSeed="false" qualifiedName="TankWarMainServer" stemName="co_TankWarBackupServer" text="TankWarMainServer"/>
    <entry createBy="dependency" isSeed="false" qualifiedName="TankWarMainServer" stemName="de_NetGameClient" text="TankWarMainServer"/>
    <entry createBy="package" isSeed="false" qualifiedName="TankWarMainServer" stemName="pa_" text="TankWarMainServer"/>
    <entry createBy="composition" isSeed="false" qualifiedName="Tile" stemName="co_TankClient" text="Tile"/>
    <entry createBy="dependency" isSeed="false" qualifiedName="Tile" stemName="de_Missile" text="Tile"/>
    <entry createBy="dependency" isSeed="false" qualifiedName="Tile" stemName="de_Tank" text="Tile"/>
    <entry createBy="dependency" isSeed="false" qualifiedName="Tile" stemName="de_TankClient" text="Tile"/>
    <entry createBy="package" isSeed="false" qualifiedName="Tile" stemName="pa_" text="Tile"/>
    <entry createBy="composition" isSeed="false" qualifiedName="Wall" stemName="co_TankClient" text="Wall"/>
    <entry createBy="dependency" isSeed="false" qualifiedName="Wall" stemName="de_Missile" text="Wall"/>
    <entry createBy="dependency" isSeed="false" qualifiedName="Wall" stemName="de_Tank" text="Wall"/>
    <entry createBy="dependency" isSeed="false" qualifiedName="Wall" stemName="de_TankClient" text="Wall"/>
    <entry createBy="dependency" isSeed="false" qualifiedName="Wall" stemName="de_Tile" text="Wall"/>
    <entry createBy="package" isSeed="false" qualifiedName="Wall" stemName="pa_" text="Wall"/>
    <entry createBy="composition" isSeed="false" qualifiedName="missileRecovery" stemName="co_TankClient" text="missileRecovery"/>
    <entry createBy="dependency" isSeed="false" qualifiedName="missileRecovery" stemName="de_Tank" text="missileRecovery"/>
    <entry createBy="dependency" isSeed="false" qualifiedName="missileRecovery" stemName="de_TankClient" text="missileRecovery"/>
    <entry createBy="package" isSeed="false" qualifiedName="missileRecovery" stemName="pa_" text="missileRecovery"/>
    <entry createBy="composition" isSeed="false" qualifiedName="missileRecovery2" stemName="co_TankClient" text="missileRecovery2"/>
    <entry createBy="dependency" isSeed="false" qualifiedName="missileRecovery2" stemName="de_Tank" text="missileRecovery2"/>
    <entry createBy="dependency" isSeed="false" qualifiedName="missileRecovery2" stemName="de_TankClient" text="missileRecovery2"/>
    <entry createBy="package" isSeed="false" qualifiedName="missileRecovery2" stemName="pa_" text="missileRecovery2"/>
</index>
